stem,bad,H,W,covIoU,cut,drift_top,drift_bot,arc_ratio,kmax_mid,kmax_env,p_top,p_bot,q_top,q_bot
001,0,480,240,0.8701298701298701,1,0.010416666666666666,0.11458333333333337,1.1306250320921332,3.716767992482125,4.198703016555282,True,False,False,False
002,0,480,240,0.9519832985386222,1,0.0125,0.03541666666666665,0.9489053971749819,1.0772710800527574,2.0457091909342133,True,True,False,False
003,0,480,240,0.9693654266958425,0,0.002083333333333333,0.027083333333333348,0.9598457190122236,3.3605250148912265,5.231248080874766,False,False,False,False
004,0,480,240,0.93446088794926,1,0.04583333333333334,0.018750000000000044,1.0227136216189971,5.026186591987244,6.1688651712281395,False,True,False,False
005,0,480,240,0.8948545861297539,0,0.010416666666666668,0.08750000000000002,1.0743047138256385,3.9028844518514902,4.142820864800922,False,False,False,False
006,0,480,240,0.7803738317757009,0,0.12708333333333335,0.06875000000000009,0.9181296171726122,0.9688505718037156,2.244672251368417,False,False,False,False
007,0,480,240,0.8810020876826722,1,0.0,0.11875000000000002,1.10994927831257,2.335044416365622,2.2910281486206574,True,False,True,True
008,0,480,240,0.9519832985386222,1,0.0125,0.03541666666666665,0.9471039066978979,1.6124426800894172,1.7648364746016754,True,True,False,False
009,0,480,240,0.9578947368421054,1,0.0041666666666666675,0.03749999999999998,0.9347393188764826,0.6178270395158447,1.2308173108176532,False,True,False,False
010,0,480,240,0.9556025369978858,1,0.008333333333333331,0.03541666666666665,0.9710431512948178,2.2602358670791074,2.8730837914043885,False,True,False,False
011,0,480,240,0.9430379746835443,1,0.020833333333333336,0.03541666666666665,0.9758328501201992,1.4041273879639848,1.8875607922860376,False,True,False,False
012,0,480,240,0.8747252747252746,0,0.0125,0.10625000000000007,1.1219322471071813,1.7852182071195632,2.9500354658383654,False,False,False,False
013,0,480,240,0.9195652173913043,1,0.01666666666666667,0.060416666666666674,0.952014349652614,1.6821212779966208,1.8722020115873201,False,True,False,False
014,0,480,240,0.9702127659574469,1,0.010416666666666666,0.018749999999999933,0.9660510846658024,1.4086450406559927,3.4932731473364913,True,False,False,False
015,0,480,240,0.9874739039665971,1,0.010416666666666666,0.002083333333333326,0.9813173361535327,4.47209851833263,5.354088317890506,True,True,False,False
016,0,480,240,0.8469827586206896,1,0.035416666666666666,0.11250000000000004,1.0916222309171264,2.422970201952966,3.3097762843929197,True,False,False,False
017,0,480,240,0.9452954048140042,1,0.00208333333333334,0.050000000000000044,0.9371256900359216,2.021906718470111,2.429994783973735,False,True,False,False
018,0,480,240,0.7455752212389382,1,0.16458333333333333,0.07499999999999996,0.7422413375440418,1.6681221845331007,1.876738632512385,True,False,False,False
019,0,480,240,0.9290187891440501,1,0.0375,0.033333333333333326,0.9240627568667685,0.7638621505160138,1.2778011011404453,True,True,False,False
020,0,480,240,0.8901098901098901,0,0.01875,0.0854166666666667,1.1147988322088012,0.7891685815563254,1.799524236316033,False,False,False,False
021,0,480,240,0.9262472885032537,1,0.05,0.02083333333333337,0.939566577811909,4.1086009704995785,5.888016382883915,True,False,False,False
022,0,480,240,0.9046610169491526,1,0.029166666666666664,0.06458333333333333,0.8988645981079951,1.1161093263870203,2.27566230373976,False,True,False,False
023,0,480,240,0.9519832985386222,1,0.010416666666666666,0.03749999999999998,0.9338458075234954,1.184509557651184,2.6088023570285834,True,True,False,False
024,0,480,240,0.9100418410041841,1,0.03333333333333333,0.05625000000000002,0.9049142350798575,1.7874005934536428,2.182396032232727,True,False,False,False
025,0,480,240,0.9721030042918455,1,0.027083333333333334,0.0,1.0333703942812,2.487580699763845,3.1294737944050586,False,True,False,True
026,0,480,240,0.8622129436325677,1,0.027083333333333334,0.11041666666666672,1.1591632711405013,3.712094629650976,3.775706692696946,False,False,True,True
027,0,480,240,0.9373695198329853,1,0.01875,0.043749999999999956,0.9438840882443973,2.7772069968071142,3.159053726341671,True,True,False,False
028,0,480,240,0.9539748953974896,1,0.010416666666666668,0.03541666666666665,0.9624823897661603,2.014354085479114,3.0575549492403304,False,True,False,False
029,0,480,240,0.8676789587852495,1,0.010416666666666666,0.1166666666666667,1.1063479273406305,0.39077727717443167,4.4169521396765505,True,False,False,False
030,0,480,240,0.9240780911062907,1,0.0125,0.060416666666666674,1.0366348677875117,1.198171886927173,2.444203981892851,True,False,False,False
031,0,480,240,0.7056367432150313,1,0.16458333333333333,0.12916666666666665,0.7099638761606942,0.5674200804137618,0.8133624387802184,True,True,False,False
032,0,480,240,0.9102296450939457,1,0.0125,0.07708333333333339,0.920463713042539,0.9405317897263068,1.6647743173128917,True,True,False,False
033,0,480,240,0.9519832985386222,1,0.0125,0.03541666666666665,0.9587538447447386,2.5876107871921823,3.4813638539226655,True,True,False,False
034,0,480,240,0.8611713665943601,1,0.010416666666666666,0.12291666666666667,1.0920700043896088,4.025329337247308,4.913056014197195,True,False,False,False
035,0,480,240,0.8382352941176471,1,0.12083333333333333,0.016666666666666607,0.8210370309250432,1.353398473774579,2.1648064132688316,True,False,False,False
036,0,480,240,0.9686847599164927,1,0.0,0.03125,0.9670870499144397,2.4063786623838466,3.108580828049283,True,True,True,False
037,0,480,240,0.8663883089770356,1,0.06458333333333334,0.06874999999999998,0.8851899584302281,3.0177875845032753,4.0036100415752305,True,True,False,False
038,0,480,240,0.9519832985386222,1,0.0125,0.03541666666666665,0.9151403158692826,2.004291515581163,4.206326464379719,True,True,False,False
039,0,480,240,0.9770354906054279,1,0.00625,0.01666666666666672,0.982682768070025,2.2638236977429576,2.6384439128839863,True,True,False,False
040,0,480,240,0.9319148936170212,0,0.035416666666666666,0.03125,0.9231020584510984,2.936440835056603,3.0933512801190517,False,False,False,False
041,0,480,240,0.9452631578947368,1,0.00625,0.04791666666666672,0.9568368047309381,2.831011225362762,2.8338274423157057,False,True,False,False
042,0,480,240,0.9624217118997911,1,0.016666666666666666,0.02083333333333337,0.9711736101386801,2.678000086018725,2.9327536548045394,True,True,False,False
043,0,480,240,0.8935281837160752,1,0.035416666666666666,0.0708333333333333,0.8884925490781501,2.4863132144564166,2.4854130434049244,True,True,False,False
044,0,480,240,0.9498956158663884,1,0.0125,0.03749999999999998,0.9368658460040326,1.99911706878918,2.2094201724074143,True,True,False,False
045,0,480,240,0.8425720620842572,0,0.027083333333333338,0.12083333333333335,1.1081897491567703,2.496214991997796,2.5403447772212413,False,False,False,False
046,0,480,240,0.8421052631578946,0,0.04166666666666667,0.10833333333333339,1.179609739111833,0.676399499064349,2.7465356816154354,False,False,False,False
047,0,480,240,0.878524945770065,1,0.0125,0.10416666666666674,1.1158150821058013,1.9355404890172894,1.9407248105398138,True,False,False,False
048,0,480,240,0.9360341151385929,1,0.022916666666666665,0.039583333333333304,0.9834309024908424,2.408696447452567,2.9986979362434556,False,True,False,False
049,0,480,240,0.9311064718162839,1,0.008333333333333333,0.060416666666666674,0.9351070641717504,2.726592938504599,3.0681956673158046,True,True,False,False
050,0,480,240,0.8878923766816145,0,0.014583333333333334,0.08958333333333324,1.0897054893917217,3.0586690873892954,3.3403072781584062,False,False,False,False
051,0,480,240,0.9567099567099567,1,0.010416666666666666,0.03125,0.9768902293070297,3.3787151613758026,4.943728079653971,True,False,False,False
052,0,480,240,0.9498956158663884,1,0.0125,0.03749999999999998,0.9416050647736377,0.9683009393967037,1.3029846283120199,True,True,False,False
053,0,480,240,0.9791231732776617,1,0.0,0.02083333333333337,0.9750159710753538,1.2767208966147663,1.5438395777624243,True,True,True,False
054,0,480,240,0.9142259414225942,1,0.05,0.03541666666666665,0.990371915474239,1.4494906874490325,3.7111398100118316,False,True,False,False
055,0,480,240,0.8830022075055187,0,0.006249999999999999,0.10416666666666674,1.1092654847859493,2.573666883206628,2.643977880565195,False,False,False,False
056,0,480,240,0.8898678414096917,0,0.05416666666666667,0.050000000000000044,1.177926566216028,5.459912569727499,7.146786802074071,False,False,False,False
057,0,480,240,0.954070981210856,1,0.010416666666666666,0.03541666666666665,0.9808802495042154,2.9524648518881222,4.159546605123822,True,True,False,False
058,0,480,240,0.8774193548387098,1,0.014583333333333334,0.10416666666666663,1.1093595675565138,1.3112120754388923,1.4124699520592867,True,False,False,False
059,0,480,240,0.9874739039665971,1,0.0125,0.0,0.9672304652817522,3.111264006653197,3.735419114605248,True,True,False,True
060,0,480,240,0.9725738396624473,1,0.0020833333333333346,0.025000000000000022,0.9661004016612635,1.5847325095413212,2.169090789750471,False,True,False,False
061,0,480,240,0.9173728813559322,1,0.04375,0.03749999999999998,0.9928210149168069,0.7510298920737521,1.6157561329651484,False,True,False,False
062,0,480,240,0.8868778280542987,1,0.035416666666666666,0.06874999999999998,1.0466137633087231,2.8834836397148993,3.237019085376256,True,False,False,False
063,0,480,240,0.989561586638831,1,0.010416666666666666,0.0,0.9623767938207105,1.7712272115064405,2.0155868092417726,True,True,False,True
064,0,480,240,0.9328703703703703,1,0.010416666666666666,0.050000000000000044,0.9763656858317015,3.556544910349158,5.475553306744038,True,False,False,False
065,0,480,240,0.8977035490605428,1,0.041666666666666664,0.060416666666666674,0.8982514272760765,0.8428529963956701,1.4100020245783271,True,True,False,False
066,0,480,240,0.9032258064516129,1,0.05,0.03749999999999998,0.9833651180603319,0.7495077868013927,1.5567128758397386,True,False,False,False
067,0,480,240,0.8893528183716076,1,0.04583333333333333,0.06458333333333333,0.8826948802955973,1.8226942202526992,2.2086074822921864,True,True,False,False
068,0,480,240,0.9534883720930232,1,0.008333333333333331,0.03749999999999998,0.9726166143477131,1.513678539307901,2.1317438850560566,False,True,False,False
069,0,480,240,0.8758169934640523,1,0.03125,0.08750000000000002,1.0642123224871745,2.2339845384522765,2.6103064775493277,True,False,False,False
070,0,480,240,0.8872017353579176,1,0.0125,0.09583333333333333,1.0867216719165536,1.2209995753825043,1.7694510588453591,True,False,False,False
071,0,480,240,0.9498956158663884,1,0.0125,0.03749999999999998,0.9494012730329123,0.9014374259136387,1.1797688362555692,True,True,False,False
072,0,480,240,0.8214285714285714,1,0.02708333333333332,0.1395833333333334,0.8071118830469105,2.4179100943669365,2.796497689860827,False,True,False,False
073,0,480,240,0.9558823529411764,1,0.014583333333333332,0.029166666666666674,0.9853517436336656,3.5979957024321414,3.709491079348052,False,True,False,False
074,0,480,240,0.9570815450643777,1,0.03958333333333333,0.002083333333333326,0.9611826565518032,2.6095979583940663,2.7433104647448183,True,False,False,False
075,0,480,240,0.9770354906054279,1,0.01875,0.004166666666666652,0.964636083755518,1.3622873057293787,1.6106880114470241,True,True,False,False
076,0,480,240,0.8640350877192984,1,0.03958333333333333,0.08958333333333324,1.0835653218079755,2.596483632471319,3.037661336003882,True,False,False,False
077,0,480,240,0.8727272727272726,0,0.004166666666666673,0.11250000000000004,1.1172016192073237,0.9818914261815428,1.9795014391719885,False,False,False,False
078,0,480,240,0.91415313225058,0,0.0,0.07708333333333339,1.096364093233952,2.777395547719905,3.1920636996369858,False,False,False,False
079,0,480,240,0.9519832985386222,1,0.010416666666666666,0.03749999999999998,0.9460854369039565,1.0918195260996646,1.992668441165077,True,True,False,False
080,0,480,240,0.9012345679012346,0,0.024999999999999994,0.05833333333333335,1.1068390926448988,5.262146002039726,6.054501248038876,False,False,False,False
081,0,480,240,0.8893905191873588,1,0.08541666666666667,0.01666666666666672,0.894452752594776,3.0823149341621985,4.494340480594606,True,False,False,False
082,0,480,240,0.9394572025052192,1,0.020833333333333332,0.039583333333333304,0.9348400332888291,1.8416484430114555,1.9536146471968014,True,True,False,False
083,0,480,240,0.9339622641509434,0,0.00208333333333334,0.05625000000000002,0.9612006762467508,1.5911444057467459,2.804688368101448,False,False,False,False
084,0,480,240,0.9686847599164927,1,0.01875,0.012499999999999956,0.974596516556919,2.5534521623399273,3.7270764341575964,True,True,False,False
085,0,480,240,0.8504273504273505,1,0.0,0.14583333333333326,1.1214407376801174,4.4702331855162765,4.6295205006152,True,False,True,False
086,0,480,240,0.9164926931106472,1,0.04791666666666667,0.03541666666666665,0.9308760837734269,0.272261572077688,0.9565930077918967,True,True,False,False
087,0,480,240,1.0,1,0.0,0.0,0.9893454673834418,1.691550144230577,2.187754763365996,False,True,False,True
088,0,480,240,0.9645093945720251,1,0.0,0.03541666666666665,0.9631752178996675,1.6200687996573775,1.7617605979997564,True,True,True,False
089,0,480,240,1.0,1,0.0,0.0,1.037853522927029,1.1815797089533377,2.145712564440309,True,True,True,True
090,0,480,240,0.9222689075630252,1,0.04166666666666667,0.03541666666666665,0.9124969883231817,1.1182494279049031,2.0949680735048513,False,True,False,False
091,0,480,240,0.896629213483146,1,0.022916666666666665,0.07291666666666674,1.083259507598921,3.07437966579299,3.944139466585982,True,False,False,False
092,0,480,240,0.9221052631578947,0,0.04166666666666667,0.03541666666666665,0.904026565302563,1.4720654289324528,2.952871731026519,False,False,False,False
093,0,480,240,0.868131868131868,0,0.006249999999999999,0.11875000000000002,1.1110491891656844,2.658218820171567,4.088354663175961,False,False,False,False
094,0,480,240,0.9853862212943633,1,0.008333333333333333,0.006249999999999978,0.96140585492858,3.006208942565552,4.162948363164733,True,True,False,False
095,0,480,240,0.9686192468619247,1,0.022916666666666665,0.008333333333333304,0.9539757166058936,2.109996132984047,2.2128380498125857,True,False,False,False
096,0,480,240,0.9453302961275625,0,0.043750000000000004,0.006250000000000089,1.082481519459314,5.093778274717218,5.2304458034576635,False,False,False,False
097,0,480,240,0.9561586638830898,1,0.00625,0.03749999999999998,0.9347198433460541,2.193740110464436,3.02194511845583,True,True,False,False
098,0,480,240,0.9624217118997911,1,0.022916666666666665,0.014583333333333393,0.9541384784499609,1.8466326410860447,1.8580150415509533,True,True,False,False
099,0,480,240,0.9624217118997912,1,0.014583333333333334,0.022916666666666696,0.9860840888244217,0.8988853084773856,1.277961581269361,False,True,True,False
100,0,480,240,0.9728601252609603,1,0.004166666666666667,0.022916666666666696,0.9526345547536202,2.832601442165064,3.3308605275362475,True,True,False,False
101,0,480,240,1.0,1,0.0,0.0,0.9856211063140705,1.3541651458435862,1.8219324248770081,True,True,True,True
102,0,480,240,0.847682119205298,0,0.037500000000000006,0.10625000000000007,1.0880415714695029,0.7002157150488976,2.4409171988541845,False,False,False,False
103,0,480,240,0.9352818371607515,1,0.020833333333333332,0.043749999999999956,0.9607754116508828,3.1828235995015857,4.057689020647745,True,True,False,False
104,0,480,240,0.9603340292275574,1,0.00625,0.033333333333333326,0.9572719341875351,1.8261101304797966,2.557985331575217,True,True,False,False
105,0,480,240,0.9144050104384134,1,0.05,0.03541666666666665,0.8989418074618857,0.8307078464682477,1.4497952413658595,True,True,False,False
106,0,480,240,0.9561586638830897,1,0.016666666666666666,0.027083333333333348,0.9542726794609961,2.6032200629754776,2.7777831107153754,True,True,False,False
107,0,480,240,0.8430962343096234,1,0.010416666666666666,0.14583333333333337,1.1803062590030184,3.1046752574245278,3.5234170334940424,True,False,False,False
108,0,480,240,0.895615866388309,1,0.06875,0.03541666666666665,0.9137800892230716,2.8036630113912695,3.900646080456294,True,True,False,False
109,0,480,240,0.9144050104384134,1,0.04791666666666667,0.03749999999999998,0.9017211798711484,1.041600233993882,2.2379047793457856,True,True,False,False
110,0,480,240,0.9578947368421054,1,0.0125,0.029166666666666674,0.9545297993100339,0.5804581795877225,2.197747591243923,True,False,False,False
111,0,480,240,0.9492600422832981,1,0.0125,0.03749999999999998,0.9990704995948919,1.7549357733185815,2.6823842311012114,False,True,False,False
112,0,480,240,0.9401709401709403,1,0.022916666666666665,0.03541666666666665,0.9486932885549315,1.2708737290241308,1.5063323487386986,False,True,False,False
113,0,480,240,0.9498956158663884,1,0.0125,0.03749999999999998,0.953073930418603,0.9469579685051137,1.2280290130045994,True,True,False,False
114,0,480,240,0.9789029535864978,1,0.020833333333333336,0.0,1.0545871692317568,3.6779094590876933,3.8996118412191274,False,True,False,True
115,0,480,240,0.8369565217391304,0,0.05,0.10625000000000007,1.1679973435529654,2.2509212340118623,2.7239454987691643,False,False,False,False
116,0,480,240,0.803347280334728,1,0.03333333333333333,0.16249999999999998,1.1728115559684087,4.518255095274807,5.481023399897229,False,False,False,True
117,0,480,240,0.9123173277661795,1,0.05,0.03749999999999998,0.9009505683835667,1.3955019687876475,3.0389556994428055,True,True,False,False
118,0,480,240,0.9144050104384134,1,0.05,0.03541666666666665,0.9094443381424887,0.8140611307451724,1.7085019192502486,True,True,False,False
119,0,480,240,0.7306889352818372,1,0.23125,0.03749999999999998,0.7236518107588897,1.6300270271080517,2.8582567346122274,True,True,False,False
120,0,480,240,0.8427230046948356,0,0.049999999999999996,0.08958333333333335,1.0420612560425173,3.0164215677888513,3.6442318392002138,False,False,False,False
121,0,480,240,0.883089770354906,1,0.058333333333333334,0.05833333333333335,0.8798458957315899,1.7421770617793413,2.095535812961008,True,True,False,False
122,0,480,240,0.9123173277661795,1,0.05,0.03749999999999998,0.9317487582498211,0.30450653016344414,1.7533167363207558,True,True,False,False
123,0,480,240,0.8602150537634409,1,0.014583333333333334,0.12083333333333335,1.1124213139260717,1.6572738126409445,1.8322967929401903,True,False,False,False
124,0,480,240,0.9978991596638656,1,0.0,0.002083333333333326,0.975145097363884,2.8525417668775677,2.8732914398141505,True,False,True,False
125,0,480,240,0.9681528662420382,1,0.002083333333333333,0.029166666666666674,0.9734813133179903,3.713882140686126,3.8379132009663293,False,True,False,False
126,0,480,240,0.989561586638831,1,0.0,0.01041666666666663,0.9888100608312287,2.9623567168159375,3.1712357623216447,True,True,True,False
127,0,480,240,0.9457202505219207,1,0.008333333333333333,0.04583333333333339,0.9471521354607326,1.1255436030839177,2.0713513607995138,True,True,False,False
128,0,480,240,0.8617021276595745,1,0.008333333333333333,0.12708333333333333,1.14414678193927,3.017418467930366,3.5109660517227796,True,False,False,False
129,0,480,240,0.9498956158663884,1,0.0125,0.03749999999999998,0.9250296003691256,2.9916891246704393,4.520458965665531,True,True,False,False
130,0,480,240,0.8382978723404256,1,0.014583333333333334,0.14374999999999993,1.1648732368082158,4.649793869847994,4.974149685613663,True,False,False,False
131,0,480,240,0.8852097130242826,1,0.03333333333333333,0.07499999999999996,1.0401454561896601,1.4276352320554688,2.027008075423782,True,False,False,False
132,0,480,240,0.9144050104384134,1,0.04791666666666667,0.03749999999999998,0.913691771307447,1.2564540895520382,1.8035306501796227,True,True,False,False
133,0,480,240,0.8392484342379959,1,0.07083333333333333,0.08958333333333335,0.8375703395418439,1.3739834298529394,2.205845466617541,True,True,False,False
134,0,480,240,0.9519832985386222,1,0.0125,0.03541666666666665,0.9737289388528264,1.6659421789531812,2.4646526142455722,True,True,False,False
135,0,480,240,0.8650963597430407,1,0.025,0.10624999999999996,0.8563583704881795,1.347284878020747,1.972742168102417,False,True,False,False
136,0,480,240,0.8036951501154734,0,0.027083333333333334,0.15000000000000002,0.7942089483089079,1.6685958221082833,2.5745179937561744,False,False,False,False
137,0,480,240,0.7103448275862069,0,0.15416666666666667,0.10833333333333339,0.9270493225016442,1.5464661231369308,2.058893538515475,False,False,False,False
138,0,480,240,0.911062906724512,1,0.00625,0.07916666666666672,1.0768566129621668,4.3494770470171655,5.4184162093284485,True,False,False,False
139,0,480,240,0.8652631578947367,1,0.043750000000000004,0.08958333333333335,0.8645378350163859,2.5298237715176373,2.6535624959605695,False,True,False,False
140,0,480,240,0.9665970772442589,1,0.022916666666666665,0.01041666666666663,0.9618694951856469,0.8839338172484129,1.9047717687413728,True,True,False,False
141,0,480,240,0.836448598130841,1,0.08541666666666667,0.060416666666666674,0.9484698430838682,1.0750984500495344,2.2973578491786775,True,False,False,False
142,0,480,240,0.8670886075949368,1,0.008333333333333333,0.12291666666666667,1.1269464530519469,1.5966695032909246,1.6216913093914638,True,False,False,False
143,0,480,240,0.9498956158663884,1,0.0125,0.03749999999999998,0.9511850843978736,0.41008724903170546,1.2206406250967081,True,True,False,False
144,0,480,240,0.9478079331941545,1,0.027083333333333334,0.025000000000000022,0.9535900807722947,2.805569939190633,3.7356788630269584,True,True,False,False
145,0,480,240,0.95,1,0.010416666666666671,0.03749999999999998,0.9512381031299908,1.9474288924545045,2.1439737950739604,False,True,False,False
146,0,480,240,0.9728601252609603,1,0.00625,0.02083333333333337,0.9537194628683816,1.2889830474092463,1.6615400260038629,True,True,False,False
147,0,480,240,0.8427672955974842,1,0.01875,0.13750000000000007,1.1361635999765258,2.8390356247154513,2.980771836505494,True,False,False,False
148,0,480,240,0.8893905191873588,1,0.05,0.05208333333333337,0.9785266073673944,1.9774068581411726,3.6225778602298466,True,False,False,False
149,0,480,240,0.9638297872340426,1,0.002083333333333333,0.033333333333333326,0.978066844372535,2.1402994567213995,3.7225059162515044,False,True,False,False
150,0,480,240,0.8709677419354839,1,0.016666666666666666,0.10833333333333328,1.1268034308327932,4.428737138712261,5.409580997295141,False,False,True,False
151,0,480,240,0.9600000000000001,1,0.010416666666666666,0.029166666666666674,0.971636612445896,3.394613590542903,3.6685067737580437,True,False,False,False
152,0,480,240,0.9665970772442588,1,0.016666666666666666,0.01666666666666672,0.9567158835629885,2.2798266401639573,2.765572223860401,True,True,False,False
153,0,480,240,1.0,1,0.0,0.0,0.9946704831145766,2.1810340994248056,2.5184347708667016,True,True,True,True
154,0,480,240,0.9108695652173913,1,0.05,0.03541666666666665,0.905287800368689,2.1816110516893534,3.2388885344124194,True,False,False,False
155,0,480,240,0.8308977035490606,1,0.0,0.16874999999999996,1.1354431265299514,5.15616293452336,6.343629329869509,True,False,True,True
156,0,480,240,0.8392070484581499,0,0.012499999999999997,0.13958333333333328,1.1532138465524517,2.2249350910153205,2.637654849670228,False,False,False,False
157,0,480,240,0.9603340292275573,1,0.016666666666666666,0.022916666666666696,0.950829501188409,1.7669228879214807,1.73791551842327,True,True,False,False
158,0,480,240,0.9916492693110648,1,0.0,0.008333333333333304,0.9871195348087718,1.5429802061225675,2.0618953384443013,True,True,True,False
159,0,480,240,0.8300220750551875,0,0.04791666666666667,0.11250000000000004,1.1829140554238278,4.689935513985005,4.696494798385801,False,False,False,False
160,0,480,240,0.9874739039665971,1,0.0,0.012499999999999956,0.9801827141330517,3.952431613433859,4.050941895809081,True,True,True,False
161,0,480,240,0.9874739039665971,1,0.0125,0.0,1.0005842992612726,3.0554874443279014,4.350030161637748,True,True,False,True
162,0,480,240,0.8392484342379959,1,0.0,0.16041666666666665,1.155443835204767,3.0435865201496033,3.22560963441046,True,False,True,True
163,0,480,240,0.9723502304147466,0,0.020833333333333336,0.004166666666666652,0.9900074461083707,2.5723675349042936,3.177823842532422,False,False,False,False
164,0,480,240,0.9081419624217119,1,0.03333333333333333,0.05833333333333335,0.896904328480906,1.7028780931941927,2.5813894433859272,True,True,False,False
165,0,480,240,0.9539748953974896,1,0.008333333333333333,0.03749999999999998,0.9479491749203802,0.5401112986890332,0.7715382621579896,False,True,False,False
166,0,480,240,0.9478079331941545,1,0.0,0.05208333333333337,0.9328315154053464,3.4122619334535176,3.9035331433323415,True,True,True,False
167,0,480,240,0.8632478632478633,1,0.014583333333333334,0.11875000000000002,1.1213544397929673,1.9074969194734313,2.1423541244357667,True,False,False,False
168,0,480,240,0.8950892857142858,0,0.039583333333333325,0.05833333333333324,0.8944859730289316,1.589511858676514,2.524027299048023,False,False,False,False
169,0,480,240,0.8744493392070485,0,0.006250000000000002,0.11250000000000004,1.0997180817131478,3.888895800748657,3.944663517714604,False,False,False,False
170,0,480,240,0.9460093896713613,0,0.043750000000000004,0.004166666666666763,0.9474321898309204,1.0949862325152862,1.5981517410930928,False,False,False,False
171,0,480,240,0.8831168831168832,1,0.0125,0.09999999999999998,1.1235550443290774,2.6798544772296777,3.359321411389516,True,False,False,False
172,0,480,240,0.9352818371607515,1,0.020833333333333332,0.043749999999999956,0.9325824647196939,1.2290809592648728,2.059196659580585,True,True,False,False
173,0,480,240,0.8538812785388127,1,0.10833333333333334,0.025000000000000022,0.8659156918881199,3.533020257305227,4.361745614465063,True,False,False,False
174,0,480,240,0.9383259911894272,0,0.035416666666666666,0.022916666666666696,0.975040319520721,0.9340992913536869,1.433913047095447,False,False,False,False
175,0,480,240,0.9460043196544277,1,0.014583333333333337,0.03749999999999998,0.9809612154836059,1.16763142260035,2.532634752722263,False,True,False,False
176,0,480,240,0.9137931034482758,1,0.05,0.033333333333333326,0.9197800389732483,2.9682173346222305,3.341157460398415,True,False,False,False
177,0,480,240,0.997872340425532,1,0.002083333333333333,0.0,0.9777531521461077,2.5811202508459794,3.2127992176270643,False,True,False,True
178,0,480,240,0.9131355932203389,1,0.004166666666666666,0.08125000000000004,0.8983085180069607,2.5449757177461856,3.2118034678168956,False,True,False,False
179,0,480,240,0.9380530973451328,0,0.02916666666666667,0.029166666666666674,1.0009789544669778,3.7405843930205296,3.852765369187807,False,False,False,False
180,0,480,240,0.9010526315789474,1,0.05416666666666667,0.043749999999999956,0.9003325479012827,2.225310340744891,2.5743283263237076,False,True,False,False
181,0,480,240,0.9665970772442589,1,0.022916666666666665,0.01041666666666663,0.94963150596738,1.6795733320385313,2.6227226294928894,True,True,False,False
182,0,480,240,0.8678038379530918,1,0.014583333333333334,0.11458333333333326,1.1129987067355922,2.232210704245554,2.6878159149313463,True,False,False,False
183,0,480,240,0.954070981210856,1,0.010416666666666666,0.03541666666666665,0.9590481366605224,2.4096700653220204,3.100616684125168,True,True,False,False
184,0,480,240,0.8893528183716075,1,0.058333333333333334,0.05208333333333337,0.8952721758027092,2.772534046088061,2.9317482839918036,True,True,False,False
185,0,480,240,0.9238900634249471,1,0.037500000000000006,0.03749999999999998,0.9888410883272304,1.0212518490450473,2.095522067631222,False,True,False,False
186,0,480,240,0.8648648648648648,0,0.014583333333333337,0.11041666666666672,1.12693026410431,2.052447766338715,2.6235866827924603,False,False,False,False
187,0,480,240,0.9469214437367305,1,0.029166666666666664,0.022916666666666696,1.0055954253056423,2.506675590937664,4.243535879427643,False,True,False,False
188,0,480,240,0.9752808988764046,0,0.006249999999999999,0.016666666666666607,0.9821638301434463,2.7437274847612474,4.214506239125314,False,False,False,False
189,0,480,240,0.8596881959910914,1,0.04375,0.08750000000000002,0.8219864147542698,1.523326992277884,3.2302666795867143,True,False,False,False
190,0,480,240,0.8861047835990887,0,0.037500000000000006,0.06666666666666665,1.1149375743601277,2.901508324245162,3.0200859025743014,False,False,False,False
191,0,480,240,0.9470046082949308,0,0.012500000000000004,0.03541666666666665,0.9258262093218536,3.43698868171578,4.671061879456312,False,False,False,False
192,0,480,240,0.8546637744034707,1,0.0125,0.12708333333333333,1.0950412291373255,4.308144751580738,4.1900073228337025,True,False,False,False
193,0,480,240,0.9791231732776617,1,0.0,0.02083333333333337,0.9929652117172578,0.8358110368500653,2.407318694933886,True,True,True,False
194,0,480,240,0.8971291866028708,0,0.05208333333333333,0.03749999999999998,1.0526376690553032,4.552959397385199,5.588024859435878,False,False,False,False
195,0,480,240,0.9076923076923076,0,0.037500000000000006,0.050000000000000044,1.0937354430481177,1.2903705858661574,2.3355608279354207,False,False,False,False
196,0,480,240,0.8881278538812786,0,0.010416666666666671,0.09166666666666656,1.1018644607291013,2.5702221543168235,3.2880291589583703,False,False,False,False
197,0,480,240,0.9206680584551149,1,0.041666666666666664,0.03749999999999998,0.910451180417909,1.1198744694539653,1.2501210258132598,True,True,False,False
198,0,480,240,0.8903225806451613,0,0.008333333333333333,0.09791666666666665,1.099686848047379,2.5803740148944248,2.99480056943942,False,False,False,False
199,0,480,240,0.9375,1,0.01666666666666667,0.043749999999999956,0.9414083468117244,2.538314731956188,2.6676616412517564,False,True,False,False
200,0,480,240,0.9561586638830898,1,0.0020833333333333333,0.04166666666666663,0.9451603583964658,2.3067115100590376,2.536895591554056,True,True,False,False
201,0,480,240,0.8604651162790697,1,0.020833333333333332,0.1166666666666667,1.1017177665011029,5.331016803753338,5.826529015805935,False,False,True,False
202,0,480,240,0.9498956158663884,1,0.0125,0.03749999999999998,0.94247323953947,1.4089578602790325,2.8894621623941497,True,True,False,False
203,0,480,240,0.9166666666666667,1,0.022916666666666665,0.05833333333333335,0.9062752866819692,2.2234047441226696,2.614665767005113,False,True,False,False
204,0,480,240,0.9619450317124736,1,0.0,0.03749999999999998,0.95142904286706,0.8159500739215295,2.132453315457679,False,True,False,False
205,0,480,240,0.9749478079331941,1,0.010416666666666666,0.014583333333333393,0.9589811001132186,1.3749713855993428,1.3956884781177297,True,True,False,False
206,0,480,240,0.861297539149888,0,0.018750000000000003,0.11041666666666672,1.1050743671159184,3.859726089931704,3.8278050857798953,False,False,False,False
207,0,480,240,0.8091106290672451,0,0.075,0.10833333333333339,0.8066503697923035,2.098162365113828,3.0077129236196356,False,False,False,False
208,0,480,240,0.891647855530474,0,0.010416666666666671,0.08958333333333335,1.0738149402383468,3.6401917782804434,5.056906722238765,False,False,False,False
209,0,480,240,0.9220779220779222,1,0.010416666666666666,0.06458333333333333,1.0214825798191314,4.025480433974649,5.2688647463216824,True,False,False,False
210,0,480,240,0.8768267223382046,1,0.04791666666666667,0.07499999999999996,0.8746447441951202,2.0510957783670944,3.2645962347286264,True,True,False,False
211,0,480,240,0.9081419624217119,1,0.0375,0.054166666666666696,0.9009638825437004,1.3817281337370875,2.9153609993954444,True,True,False,False
212,0,480,240,0.9470198675496688,1,0.0,0.050000000000000044,0.9513084099513178,2.4261740382730133,3.221750337222689,False,True,False,False
213,0,480,240,0.8789144050104384,1,0.0020833333333333333,0.11875000000000002,1.1063340004075808,2.8478510778094015,2.9581123297503424,True,False,False,True
214,0,480,240,0.9164926931106472,1,0.04791666666666667,0.03541666666666665,0.9231433501383339,3.0555148854652843,3.1732875222443875,True,True,False,False
215,0,480,240,0.8639308855291576,1,0.029166666666666667,0.1020833333333333,1.091949669042299,2.900264761475532,3.2863111584267486,True,False,False,False
216,0,480,240,0.9254385964912281,1,0.018749999999999996,0.05208333333333337,0.9582736331822983,2.251860814433425,2.776885283975627,False,True,False,False
217,0,480,240,0.9519832985386222,1,0.010416666666666666,0.03749999999999998,0.9654908391857712,3.7803896546672644,4.274294207427142,True,True,False,False
218,0,480,240,0.9519832985386222,1,0.010416666666666666,0.03749999999999998,0.9558231734947936,2.7668532736016735,3.2757852293944145,True,True,False,False
219,0,480,240,0.8392484342379959,1,0.0875,0.07291666666666663,0.8353849334078962,1.9965117819624272,3.244164487455062,True,True,False,False
220,0,480,240,0.9353348729792148,0,0.027083333333333327,0.03125,1.0545117398860648,2.1668702358842413,2.5957919004641736,False,False,False,False
221,0,480,240,0.8881720430107527,0,0.04166666666666667,0.06666666666666665,0.8804698658263967,2.3784362965733967,3.035395041194447,False,False,False,False
222,0,480,240,0.9008438818565401,0,0.0625,0.03541666666666665,1.0275178486170233,0.9749413695350098,1.017623246717077,False,False,False,False
223,0,480,240,0.9766949152542372,1,0.0125,0.01041666666666663,0.9963611922196531,0.8500680205981752,1.6297078038030914,False,True,False,False
224,0,480,240,0.9685534591194968,1,0.0125,0.018750000000000044,0.9955331974689726,3.0634309792380523,3.3142560684691804,False,True,False,False
225,0,480,240,0.9469214437367304,0,0.020833333333333336,0.03125,0.9622884486026598,1.6866506367616758,2.9661808924709487,False,False,False,False
226,0,480,240,0.9146608315098468,0,0.014583333333333332,0.06666666666666665,1.097083404324215,2.0065214854252322,3.3538535465439256,False,False,False,False
227,0,480,240,0.9498956158663884,1,0.0125,0.03749999999999998,0.9608523095964826,2.13330502375184,2.719786893675975,True,True,False,False
228,0,480,240,0.9703389830508473,1,0.0125,0.01666666666666672,0.9963530267606376,2.003300770463833,2.924213192435481,False,True,False,False
229,0,480,240,0.9652928416485901,1,0.004166666666666666,0.029166666666666674,0.9682048971209043,1.862430961023424,2.6156397774166016,False,True,False,False
230,0,480,240,0.9665271966527197,1,0.0,0.033333333333333326,0.971770543788689,3.413189223981873,3.92703366716194,True,False,True,False
231,0,480,240,0.8736616702355461,0,0.016666666666666666,0.10624999999999996,1.1008308343697777,3.517719353927513,4.684499993273437,False,False,False,False
232,0,480,240,0.9123173277661795,1,0.05,0.03749999999999998,0.906059665813865,1.3371371946856963,2.480428161242212,True,True,False,False
233,0,480,240,0.91991341991342,1,0.006249999999999999,0.0708333333333333,0.9283106127854881,1.4214428584406464,1.6045691181722521,False,True,False,False
234,0,480,240,0.8482905982905984,0,0.027083333333333334,0.12083333333333324,1.190180538244028,3.3836536071286947,4.308349051066528,False,False,False,False
235,0,480,240,0.9937369519832986,1,0.0020833333333333333,0.004166666666666652,0.9858597166193412,1.1179267180126493,1.3987157439723934,True,True,False,False
236,0,480,240,0.9234042553191489,1,0.03125,0.043749999999999956,1.012397090821149,3.203804505504405,3.600702321627617,True,False,False,False
237,0,480,240,0.9418103448275862,1,0.018750000000000003,0.03749999999999998,0.9359116635473362,2.6216910207902906,2.6793763129821313,False,True,False,False
238,0,480,240,0.9874476987447699,1,0.0125,0.0,0.9904811469743516,2.9566560231646712,3.1414307905537684,False,True,False,True
239,0,480,240,0.9206680584551149,1,0.0125,0.06666666666666665,0.9189471805841364,0.5399599601925386,0.7919265168201034,True,True,False,False
240,0,480,240,0.8733031674208144,0,0.043750000000000004,0.07291666666666674,1.0329866792726057,3.704022233889765,4.221520452954234,False,False,False,False
241,0,480,240,0.9498956158663884,1,0.0125,0.03749999999999998,0.928331250206496,1.4030586902922941,2.685867873940815,True,True,False,False
242,0,480,240,0.9373695198329853,1,0.029166666666666667,0.033333333333333326,0.9507109199530859,2.7900669234695075,3.96349845212837,True,True,False,False
243,0,480,240,0.9916142557651992,1,0.0,0.008333333333333304,0.9785520873637236,1.463948718866784,1.749734851458341,True,False,True,False
244,0,480,240,0.987152034261242,1,0.006249999999999999,0.006249999999999978,0.9820482770616143,2.179182455441872,2.434929993613749,False,True,False,False
245,0,480,240,0.9498956158663884,1,0.0125,0.03749999999999998,0.9603236263517726,2.64639884591883,3.39762371453464,True,True,False,False
246,0,480,240,0.9478079331941545,1,0.01875,0.033333333333333326,0.9257663295914087,2.9215760442871046,3.4285498036714737,True,True,False,False
247,0,480,240,0.987012987012987,1,0.0125,0.0,0.9842261384445657,1.8755969919186435,2.6191980447014953,True,False,False,False
248,0,480,240,0.867391304347826,1,0.01875,0.10833333333333339,1.095691489543208,3.0195808787671,3.192689886711988,True,False,False,False
249,0,480,240,0.9498956158663884,1,0.0125,0.03749999999999998,0.9667635350898843,2.5773716510256253,3.40918038763002,True,True,False,False
250,0,480,240,0.9519832985386222,1,0.010416666666666666,0.03749999999999998,0.9594384687273477,2.2690003029452916,3.3801218322511084,True,True,False,False
251,0,480,240,0.9261603375527426,1,0.035416666666666666,0.03749999999999998,0.9628421533803858,3.403662076364477,5.1905592528659525,False,True,False,False
252,0,480,240,0.9331896551724138,0,0.029166666666666667,0.03541666666666665,0.952021689543342,2.2698239765803727,6.091570883985093,False,False,False,False
253,0,480,240,0.8927680798004988,0,0.04791666666666666,0.04166666666666663,1.2531371271295928,3.8686211566956463,6.799921894705954,False,False,False,False
254,0,480,240,0.8698481561822126,1,0.0125,0.11250000000000004,1.094485210618159,2.6023901166043797,4.209390512668437,True,False,False,False
255,0,480,240,0.8558352402745996,0,0.041666666666666664,0.08958333333333335,1.0511114409588505,0.6751774836853313,2.5548220431847994,False,False,False,False
256,0,480,240,0.7905405405405406,1,0.16041666666666668,0.033333333333333326,0.8561981471256755,2.2926175159040447,2.423066997159126,True,False,False,False
257,0,480,240,0.9227557411273487,1,0.0125,0.06458333333333333,0.91529620286946,0.6769069352862593,1.473824303020844,True,True,False,False
258,0,480,240,0.9260042283298097,0,0.03958333333333334,0.033333333333333326,0.9274766563387365,3.5269537182609314,4.323921170181292,False,False,False,False
259,0,480,240,0.9339019189765458,1,0.02916666666666667,0.03541666666666665,0.9361918469693712,1.3710188333530113,3.472910292241111,False,True,False,False
260,0,480,240,0.972457627118644,0,0.02291666666666667,0.004166666666666652,1.0262363992622032,1.907446468628573,4.065056149606944,False,False,False,False
261,0,480,240,0.8684210526315789,0,0.014583333333333335,0.11041666666666672,1.1329826563317649,0.3886297786488509,2.9381917875585963,False,False,False,False
262,0,480,240,0.9430379746835443,1,0.04583333333333334,0.01041666666666663,1.0558163691227243,2.800816250342264,4.118929312767072,False,True,False,False
263,0,480,240,0.9164926931106472,1,0.05,0.033333333333333326,0.8964794029316842,3.003524391928808,4.649312758270351,True,True,False,False
264,0,480,240,0.9461206896551724,1,0.01666666666666667,0.03541666666666665,0.938697627858901,2.144598691198262,2.6813935992458706,False,True,False,False
265,0,480,240,0.9624217118997912,1,0.004166666666666667,0.033333333333333326,0.9503006215055327,1.9791897207202425,2.319862941553894,True,True,False,False
266,0,480,240,0.9624217118997912,1,0.004166666666666667,0.033333333333333326,0.9877113297750224,2.666290763893092,3.977736068792982,True,True,False,False
267,0,480,240,0.956989247311828,1,0.010416666666666664,0.03125,0.9522762911142085,2.1562479206251894,2.5630028028529224,False,True,False,False
268,0,480,240,0.8980477223427332,1,0.0125,0.0854166666666667,1.0612177341209115,1.692570467565997,2.707626428990743,True,False,False,False
269,0,480,240,0.9600000000000001,1,0.0041666666666666675,0.03541666666666665,0.9568715923228543,2.2514211219630273,2.4168396498294165,False,True,False,False
270,0,480,240,0.9144050104384134,1,0.04791666666666667,0.03749999999999998,0.9106243595802845,1.899442765273816,2.261878867869403,True,True,False,False
271,0,480,240,0.9518828451882846,1,0.0125,0.03541666666666665,0.9616824894021627,2.1532886839882988,2.991283207789716,True,False,False,False
272,0,480,240,0.930817610062893,1,0.052083333333333336,0.01666666666666672,1.0363256247266486,2.7585525480604254,3.21891176530297,False,True,False,False
273,0,480,240,0.9576271186440677,0,0.006249999999999999,0.03541666666666665,0.9717432992578842,2.5896156537133495,3.557458689076255,False,False,False,False
274,0,480,240,0.8636363636363636,1,0.0125,0.11875000000000002,1.1253891225523953,2.2341346555733983,2.9183552564126676,True,False,False,False
275,0,480,240,0.8862660944206009,1,0.04791666666666666,0.0625,0.8997322824960632,2.103341661119994,3.1516348888672363,False,True,False,False
276,0,480,240,0.894144144144144,1,0.0875,0.01041666666666674,0.909995867025796,1.5597068038464574,2.459066614033414,True,False,False,False
277,0,480,240,0.9519832985386222,1,0.010416666666666666,0.03749999999999998,0.976926969120933,1.9443893851929175,2.852912686402141,True,True,False,False
278,0,480,240,0.9519832985386222,1,0.010416666666666666,0.03749999999999998,0.9715599224021647,2.6823010580471527,3.703872921624305,True,True,False,False
279,0,480,240,0.9122055674518201,1,0.02291666666666667,0.0625,0.9121380779524046,2.26589610490852,2.969186731569548,False,True,False,False
280,0,480,240,0.864367816091954,1,0.05,0.07291666666666663,0.9938099012820529,3.324086830908355,4.951437285211693,True,False,False,False
281,0,480,240,0.8333333333333333,1,0.04791666666666667,0.11250000000000004,1.0843577551852852,2.5597352633115937,2.937208338078413,True,False,False,False
282,0,480,240,0.9958246346555324,1,0.004166666666666667,0.0,0.979954387968073,2.4216310204913643,3.1218911506242653,True,True,False,True
283,0,480,240,0.9081419624217119,1,0.05,0.04166666666666663,0.9217142025769873,2.4883146273549634,3.2646880891204417,True,True,False,False
284,0,480,240,0.8329853862212943,1,0.04791666666666667,0.11875000000000002,0.8005506169265151,1.6399426801836476,3.9161888859979093,True,True,False,False
285,0,480,240,0.8956158663883089,1,0.052083333333333336,0.05208333333333337,0.9026249185680628,1.8808459947665828,2.6851046472723312,True,True,False,False
286,0,480,240,0.989451476793249,0,0.0041666666666666675,0.006249999999999978,0.9776878916979963,2.2477563486352543,2.9481336741584965,False,False,False,False
287,0,480,240,0.9217758985200845,1,0.037500000000000006,0.039583333333333304,0.9350141127767584,2.368436172662674,3.2590373233278105,False,True,False,False
288,0,480,240,0.9519832985386222,1,0.010416666666666666,0.03749999999999998,0.9477073737463214,2.645049930755142,3.3420073264775616,True,True,False,False
289,0,480,240,0.8552631578947368,0,0.025,0.11250000000000004,1.1760871977078582,1.7528922446457178,2.8702316540591517,False,False,False,False
290,0,480,240,0.897196261682243,0,0.004166666666666666,0.08750000000000002,1.0880309109155537,1.1918337475093415,2.4664926489552683,False,False,False,False
291,0,480,240,0.9463869463869463,1,0.00625,0.04166666666666674,1.0247517107037611,1.5064547275107083,1.7263941890191645,True,False,False,False
292,0,480,240,0.9435146443514645,1,0.04375,0.012499999999999956,1.0615211107187785,3.3968912820534145,5.077865395539644,False,True,False,False
293,0,480,240,0.9640591966173362,1,0.0125,0.022916666666666696,0.9750976770203196,2.4349680776565017,3.021079627703024,True,False,False,False
294,0,480,240,0.9728601252609603,1,0.004166666666666667,0.022916666666666696,0.9644454041205645,1.286286786554051,2.057379276606651,True,True,False,False
295,0,480,240,0.9911111111111112,0,0.004166666666666666,0.004166666666666652,0.9704698347961344,1.024516321943449,3.9058568702117245,False,False,False,False
296,0,480,240,0.8857142857142856,0,0.004166666666666666,0.10416666666666674,1.1223352446779367,1.1859374577811974,2.1526655668536194,False,False,False,False
297,0,480,240,0.9519832985386222,1,0.010416666666666666,0.03749999999999998,0.9529912689339093,0.3175558136239429,0.6705357003032304,True,True,False,False
298,0,480,240,0.8852813852813853,1,0.0125,0.09791666666666665,1.1195807822216821,2.7891638140883597,3.838518011390087,True,False,False,False
299,0,480,240,0.8684759916492693,1,0.05416666666666667,0.07708333333333339,0.8702407850920951,2.219471797187093,3.452049950112033,True,True,False,False
300,0,480,240,0.9388185654008437,1,0.043750000000000004,0.01666666666666672,1.0365430465951102,2.60052643892076,3.548721678118247,False,True,False,False
301,0,480,240,0.8590021691973969,1,0.05,0.0854166666666667,1.0737458063957195,2.878131423936801,4.212513835242816,True,False,False,False
302,0,480,240,0.9498956158663884,1,0.0125,0.03749999999999998,0.9499323614994948,0.5477772791434964,1.3691856131742761,True,True,False,False
303,0,480,240,0.954070981210856,1,0.010416666666666666,0.03541666666666665,0.9491510209715499,1.9957860835886958,2.4918996207190713,True,True,False,False
304,0,480,240,0.9745222929936306,1,0.004166666666666666,0.02083333333333337,0.9846785944226598,2.6514546361495994,2.948524850507789,False,True,False,False
305,0,480,240,0.8361702127659575,1,0.04166666666666667,0.11875000000000002,1.149522761651147,1.3666252208266685,1.937339033840295,False,False,False,True
306,0,480,240,0.8622129436325677,1,0.058333333333333334,0.07916666666666672,0.8644907301312631,2.180877979162351,2.6897616522898424,True,True,False,False
307,0,480,240,0.8351409978308025,1,0.04791666666666667,0.11041666666666672,1.0814624530118924,2.545018004738509,3.6424363781238367,True,False,False,False
308,0,480,240,0.9665970772442588,1,0.01875,0.014583333333333393,0.9835208736641314,1.2950735100674948,1.6515863960431316,True,True,False,False
309,0,480,240,0.929637526652452,1,0.04375000000000001,0.025000000000000022,1.0084250617264796,2.1965624825329613,2.4674387140404765,False,True,False,False
310,0,480,240,0.9104477611940298,1,0.02916666666666667,0.05833333333333335,0.9216245015384591,3.4675631076149167,3.378713838304188,False,True,False,False
311,0,480,240,0.8914405010438413,1,0.04791666666666667,0.060416666666666674,0.9016940215184276,2.823611848401839,3.8087926637361256,True,True,False,False
312,0,480,240,0.9144050104384134,1,0.04791666666666667,0.03749999999999998,0.8992286247783032,0.9535511740504724,1.6640194594774262,True,True,False,False
313,0,480,240,0.8924731182795699,1,0.0,0.10416666666666663,1.1342595607799297,2.197745773997832,2.361512410665817,True,False,True,False
314,0,480,240,0.8777777777777778,0,0.008333333333333335,0.10625000000000007,1.1261182554447986,1.5311443648777792,2.1699710860853845,False,False,False,False
315,0,480,240,0.8593406593406593,0,0.02708333333333333,0.10625000000000007,1.1788480544097675,1.2937178494666384,2.5555973568153036,False,False,False,False
316,0,480,240,0.952914798206278,0,0.020833333333333336,0.022916666666666696,1.0192142933428718,1.9206822500068998,3.4539448854635624,False,False,False,False
317,0,480,240,0.9394572025052192,1,0.025,0.03541666666666665,0.9413603639157544,3.053058992407918,3.831080466892505,True,True,False,False
318,0,480,240,0.8878281622911695,0,0.010416666666666664,0.08750000000000002,1.0725191563197398,3.6442642761341233,3.3889911655459595,False,False,False,False
319,0,480,240,0.9862385321100918,1,0.0125,0.0,0.9725248395007051,3.0193766394119703,4.333054487316117,True,False,False,False
320,0,480,240,0.9538784067085955,1,0.008333333333333335,0.03749999999999998,0.9498010873665383,1.32754837247668,1.5938718015813675,False,True,False,False
321,0,480,240,0.889121338912134,1,0.0125,0.09791666666666665,0.8851505713191485,1.1103492333391352,1.7545855494724993,True,False,False,False
322,0,480,240,0.9750566893424037,0,0.018749999999999996,0.004166666666666652,0.9982167375885707,0.3401327576073032,0.5560535051639826,False,False,False,False
323,0,480,240,0.8933054393305438,1,0.05416666666666667,0.05208333333333337,0.896880228271269,2.53702965759466,3.1433901292647564,True,False,False,False
324,0,480,240,0.8571428571428572,1,0.010416666666666666,0.12708333333333333,1.0563429497043282,2.8198772858931753,4.772104579428992,True,False,False,False
325,0,480,240,0.881104033970276,0,0.11041666666666666,0.006249999999999978,1.11296158909522,1.7879430239711593,4.360667384973779,False,False,False,False
326,0,480,240,0.9812108559498955,1,0.004166666666666667,0.014583333333333393,1.0429868692924844,2.835804608700537,4.3154980989179235,True,True,False,False
327,0,480,240,0.9684873949579832,1,0.002083333333333333,0.029166666666666674,0.9926161570640867,3.4078214935415434,4.248721657600751,False,True,False,False
328,0,480,240,0.9519832985386222,1,0.0125,0.03541666666666665,0.9745919268187497,0.8188879840874578,1.6258788582366832,True,True,False,False
329,0,480,240,0.9121338912133891,1,0.03333333333333333,0.054166666666666696,0.9089676939993224,1.1042726005701236,1.9030368036760958,False,True,False,False
330,0,480,240,0.8806941431670282,1,0.010416666666666666,0.10416666666666674,1.126464118416704,1.4604281383621012,2.5724961034806615,True,False,False,False
331,0,480,240,0.9199134199134199,1,0.05,0.027083333333333348,0.9215610816720615,0.950842734018108,1.908323333599316,True,False,False,False
332,0,480,240,0.807017543859649,0,0.07708333333333332,0.10625000000000007,1.220867541755211,0.9534735172979955,4.793421792288995,False,False,False,False
333,0,480,240,0.9498956158663884,1,0.0125,0.03749999999999998,0.9477656706739436,3.0879381863597173,2.9814336316978367,True,True,False,False
334,0,480,240,0.8329853862212943,1,0.0875,0.07916666666666672,0.8290370651822356,2.4753444161374953,3.1190191306628856,True,True,False,False
335,0,480,240,0.9418103448275862,1,0.018750000000000003,0.03749999999999998,0.9364054983733089,0.45817406791627957,1.282408746288706,False,True,False,False
336,0,480,240,0.9081419624217119,1,0.016666666666666666,0.07499999999999996,0.8850254448112913,2.642026019035202,3.731506478236144,True,True,False,False
337,0,480,240,0.9498956158663884,1,0.0125,0.03749999999999998,0.9287978670253748,1.0994771688963272,1.8458834621129778,True,True,False,False
338,0,480,240,0.8502202643171806,0,0.03333333333333334,0.10833333333333339,1.089763284109093,3.1705477818821035,3.391860732010538,False,False,False,False
339,0,480,240,0.9144050104384134,1,0.05,0.03541666666666665,0.9175592172668817,0.739608430633078,1.4767353744738734,True,True,False,False
340,0,480,240,0.8739130434782608,0,0.008333333333333333,0.11250000000000004,1.0991318878921537,1.7047771773540596,3.1226281074634477,False,False,False,False
341,0,480,240,0.9498956158663884,1,0.0125,0.03749999999999998,0.9373283145915536,0.6194567983903347,1.3204503914085846,True,True,False,False
342,0,480,240,0.8413361169102297,1,0.08541666666666667,0.07291666666666663,0.8285104575534695,1.8607400413856874,2.9622161911845777,True,True,False,False
343,0,480,240,0.8698481561822126,1,0.010416666666666666,0.11458333333333337,1.1131421755182112,3.0480050327094523,3.9706659780502838,True,False,False,False
344,0,480,240,0.8267223382045928,1,0.07916666666666666,0.09375,0.8258203880780868,1.5616146122126655,1.944420414763873,True,True,False,False
345,0,480,240,0.9498956158663884,1,0.0125,0.03749999999999998,0.9680229234666973,3.110715718842419,3.3240354702888433,True,True,False,False
346,0,480,240,0.941544885177453,1,0.027083333333333334,0.03125,0.9379984552299554,1.121889211067792,1.31227712977132,True,True,False,False
347,0,480,240,0.9400428265524625,1,0.02291666666666667,0.03541666666666665,0.9260034533358724,1.4179546996971655,2.607504120908738,False,True,False,False
348,0,480,240,0.8846153846153847,1,0.0125,0.09999999999999998,0.8804252531869031,2.3704196748749036,2.369491523766712,False,True,False,False
349,0,480,240,0.9081419624217119,1,0.010416666666666666,0.08125000000000004,0.8920780470564281,1.5628768463651854,2.209743699235129,True,True,False,False
350,0,480,240,0.8645598194130925,0,0.008333333333333338,0.1166666666666667,1.0812821622940079,4.466021653087471,6.0379426358231365,False,False,False,False
351,0,480,240,0.9144050104384134,1,0.04791666666666667,0.03749999999999998,0.9312022078298247,1.9481284757394628,2.6579276143776145,True,True,False,False
352,0,480,240,0.9498956158663884,1,0.0125,0.03749999999999998,0.9650990174611522,2.070462278059214,2.5585610777210284,True,True,False,False
353,0,480,240,0.9144050104384134,1,0.04791666666666667,0.03749999999999998,0.8974853564760714,1.1594475407481006,2.448025567418925,True,True,False,False
354,0,480,240,0.9162679425837321,0,0.008333333333333331,0.06458333333333333,1.0644499705093216,0.8613351710170587,1.8036592837414667,False,False,False,False
355,0,480,240,0.954070981210856,1,0.010416666666666666,0.03541666666666665,0.9613619432105198,2.23986625693479,3.4816733735059278,True,True,False,False
356,0,480,240,0.8701298701298701,1,0.010416666666666666,0.11458333333333337,1.1189997061831563,0.742694915142212,1.7892054533291548,True,False,False,False
357,0,480,240,0.9466019417475728,1,0.010416666666666666,0.03541666666666665,0.903647296793325,1.907245618119686,3.793531988147016,True,False,False,False
358,0,480,240,0.8319148936170213,1,0.022916666666666665,0.14166666666666672,0.8085486657156246,2.767061086511845,3.707535703149627,False,True,False,False
359,0,480,240,0.8225469728601252,1,0.05416666666666667,0.12291666666666667,0.8235526063052354,2.567882723345148,2.8618573949318074,True,True,False,False
360,0,480,240,0.8445378151260504,1,0.08124999999999999,0.07291666666666663,0.85853905774852,1.9568469241781679,3.624837405195778,False,True,False,False
361,0,480,240,0.8741865509761388,1,0.010416666666666666,0.11041666666666672,1.0996215688556563,1.37189095474955,2.048019194680449,True,False,False,False
362,0,480,240,0.9498956158663884,1,0.0125,0.03749999999999998,0.9626664192796215,3.05427100487125,4.134234163788204,True,True,False,False
363,0,480,240,0.7995824634655533,1,0.16458333333333333,0.03541666666666665,0.8072379194087116,0.24066796912254362,2.008446296772227,True,True,False,False
364,0,480,240,0.895615866388309,1,0.04375,0.060416666666666674,0.9437427883400781,3.040630230455425,4.096079602875887,True,True,False,False
365,0,480,240,0.8705636743215032,1,0.041666666666666664,0.08750000000000002,0.8898830477146337,0.24962589496366316,0.5960070946301371,True,True,False,False
366,0,480,240,0.8568281938325989,0,0.03333333333333334,0.10208333333333341,1.08080056521115,1.7468954658542013,1.7948338137891116,False,False,False,False
367,0,480,240,0.9519650655021833,0,0.0041666666666666675,0.04166666666666674,1.068160924191868,2.815969371062549,3.1073619153497627,False,False,False,False
368,0,480,240,0.9532019704433498,0,0.002083333333333333,0.03749999999999998,1.0062301018496405,0.9220245173602766,1.6662870150073126,False,False,False,False
369,0,480,240,0.9539748953974896,1,0.0125,0.033333333333333326,0.9406737069901049,0.6004027579823339,1.1169778286233336,True,False,False,False
370,0,480,240,0.864367816091954,1,0.052083333333333336,0.0708333333333333,1.0210069036413858,1.2124694807912308,2.6655178006963682,True,False,False,False
371,0,480,240,0.8463203463203463,1,0.05,0.09791666666666665,1.0348115586702111,0.8310693534121825,1.5357007223926826,True,False,False,False
372,0,480,240,0.8914405010438414,1,0.010416666666666666,0.09791666666666665,0.8922653290376217,0.7279836277303028,1.6088493100006767,True,True,False,False
373,0,480,240,0.8058455114822546,1,0.08125,0.11250000000000004,0.8079577313148952,2.30705101469795,2.8654148126987056,True,True,False,False
374,0,480,240,0.9733009708737862,0,0.014583333333333337,0.008333333333333415,0.9830891932495253,2.1969821621177945,2.6275816775161855,False,False,False,False
375,0,480,240,0.9515738498789346,1,0.0375,0.004166666666666763,0.9588668688573521,1.1443622391545154,2.6368642889546656,True,False,False,False
376,0,480,240,0.9152173913043478,0,0.008333333333333335,0.07291666666666674,1.054514902229786,2.3026117438347855,3.5696398398399993,False,False,False,False
377,0,480,240,0.9472573839662447,1,0.01666666666666667,0.03541666666666665,1.0027551194698723,2.350989951478218,3.7579578817360533,False,True,False,False
378,0,480,240,0.8601398601398601,0,0.060416666666666674,0.06458333333333333,0.9432467696306508,2.52101957645844,4.2590148529457075,False,False,False,False
379,0,480,240,0.8475991649269311,1,0.05625,0.09583333333333333,0.8389919294721192,1.0824125259170092,2.023617805174716,True,True,False,False
380,0,480,240,0.9327354260089685,1,0.04791666666666667,0.014583333333333393,0.9240839476663641,1.062576539869537,1.631058620612119,True,False,False,False
381,0,480,240,0.9848156182212582,1,0.0125,0.002083333333333326,0.9861719732549846,2.014399203410355,3.229482097664575,True,False,False,False
382,0,480,240,0.8666666666666666,1,0.08541666666666667,0.03125,0.8847210229568374,4.425649291123407,5.825555209014472,True,False,False,False
383,0,480,240,0.9498956158663884,1,0.0125,0.03749999999999998,0.9831330490380468,0.7434681469097105,1.3413794182121321,True,True,False,False
384,0,480,240,0.8997912317327766,1,0.06666666666666667,0.033333333333333326,0.8903713684076688,1.4642867630274548,2.0107083312365654,True,True,False,False
385,0,480,240,0.8351648351648351,0,0.03958333333333333,0.1166666666666667,1.150981963636564,2.403982209803497,3.946026798806991,False,False,False,False
386,0,480,240,0.9144050104384134,1,0.04791666666666667,0.03749999999999998,0.8772456672127947,2.4632629297597974,4.100613062810077,True,True,False,False
387,0,480,240,0.857487922705314,1,0.09791666666666667,0.025000000000000022,0.9087906821044034,3.9589976612830315,4.293872201883237,True,False,False,False
388,0,480,240,0.8926940639269406,0,0.008333333333333331,0.08958333333333335,1.1445477795691208,0.9387504843406566,1.7169148781315573,False,False,False,False
389,0,480,240,0.9518828451882846,1,0.010416666666666668,0.03749999999999998,0.9143330775197401,0.6887638019215452,0.9681167869223549,False,True,False,False
390,0,480,240,0.7578288100208768,1,0.11458333333333333,0.12708333333333333,0.7364798284946293,1.8793311745256767,3.544513150141039,True,True,False,False
391,0,480,240,0.8977272727272726,0,0.07916666666666666,0.014583333333333393,0.9117519367434536,0.9829943171963589,1.7721880000475303,False,False,False,False
392,0,480,240,0.8616780045351474,0,0.04583333333333333,0.08125000000000004,0.9034872612652937,4.374394873443897,5.722620633166959,False,False,False,False
393,0,480,240,0.8872017353579176,1,0.008333333333333333,0.09999999999999998,1.0618418562209437,1.7423115433205631,3.861945971632788,True,False,False,False
394,0,480,240,0.9060402684563759,1,0.06875,0.018750000000000044,0.9472611774258198,2.550205363833027,2.7542881487733446,True,False,False,False
395,0,480,240,0.7515657620041754,1,0.10833333333333334,0.1395833333333334,0.7596064141240215,2.0581974460834256,2.841626201158691,True,True,False,False
396,0,480,240,0.9114832535885167,1,0.05,0.027083333333333348,0.9624702312666219,1.4666583489455522,2.024993999923766,True,False,False,False
397,0,480,240,0.9381663113006397,0,0.002083333333333333,0.05833333333333335,0.9173026171878373,1.0614999331802069,1.4908351565639417,False,False,False,False
398,0,480,240,0.7801724137931035,1,0.04375,0.16874999999999996,0.7782601670526483,1.2093865023419903,1.8496762074033175,False,True,False,False
399,0,480,240,0.9377682403433476,1,0.02291666666666667,0.03749999999999998,0.9515333600868887,2.3328664990549823,3.7894495776364563,False,True,False,False
400,0,480,240,0.6957446808510639,1,0.11041666666666668,0.1875,0.6773806074126125,1.494171214078625,3.112428514637286,False,True,False,False
401,0,480,240,0.8703296703296702,0,0.008333333333333331,0.11458333333333337,1.1015765255555516,2.606634873361082,4.2171098747085,False,False,False,False
402,0,480,240,0.9824175824175823,0,0.006249999999999999,0.01041666666666674,0.9918952256953768,2.0036012277331396,3.395313577541362,False,False,False,False
403,0,480,240,0.9242105263157894,1,0.03958333333333334,0.03541666666666665,0.9282537051466719,1.0752840044396754,1.8716706563759262,False,True,False,False
404,0,480,240,0.9519832985386222,1,0.010416666666666666,0.03749999999999998,0.9554461855999914,1.4172873571533247,1.9812655776923955,True,True,False,False
405,0,480,240,0.8100208768267223,1,0.07291666666666667,0.1166666666666667,0.7992496566301446,1.3515748973370665,2.20418616134698,True,True,False,False
406,0,480,240,0.8559498956158663,1,0.05,0.09375,0.8481127352763242,1.1943432403811478,2.4495946307200183,True,True,False,False
407,0,480,240,0.8590308370044053,1,0.01458333333333333,0.11875000000000002,0.8452531202558138,1.0186410047965857,1.2751803669225443,False,True,False,False
408,0,480,240,0.8789954337899543,0,0.014583333333333337,0.09583333333333333,1.0580624164247732,0.9977216886080474,2.5501158088096516,False,False,False,False
409,0,480,240,0.9260042283298097,1,0.035416666666666666,0.03749999999999998,0.9628546116166272,2.3969938601159564,3.710197068474846,False,True,False,False
410,0,480,240,0.8914549653579676,0,0.027083333333333334,0.0708333333333333,0.8728392428053382,1.208707499359186,4.235814428426854,False,False,False,False
411,0,480,240,0.9739696312364425,1,0.0125,0.012500000000000067,0.9922879736697374,3.4660742426798583,3.4856283275136057,True,False,False,False
412,0,480,240,0.8527472527472527,0,0.03958333333333333,0.09999999999999998,1.1375766198482842,1.7426675028960035,2.9358992279983784,False,False,False,False
413,0,480,240,0.913907284768212,1,0.041666666666666664,0.039583333333333304,0.8610185840156405,4.544686423845809,7.4680302538573144,True,False,False,False
414,0,480,240,0.9519832985386222,1,0.0125,0.03541666666666665,0.9776921760409052,2.3478579864587426,3.90096981621121,True,True,False,False
415,0,480,240,0.7516930022573364,0,0.10416666666666667,0.125,1.3584601453834961,5.492903214137322,7.560471563537218,False,False,False,False
416,0,480,240,0.9261603375527425,1,0.037500000000000006,0.03541666666666665,1.0028166775159075,1.7550120754290242,2.453645683548944,False,True,False,False
417,0,480,240,0.8997912317327765,1,0.020833333333333332,0.07916666666666672,0.8815948203158995,0.6650324419256823,1.2113623271875438,True,True,False,False
418,0,480,240,0.973741794310722,0,0.0020833333333333346,0.022916666666666696,1.0168618724429792,1.2054237653142925,2.942715806852529,False,False,False,False
419,0,480,240,0.8905908096280086,0,0.04791666666666667,0.05625000000000002,1.1296301893316487,1.357065813865387,1.5041143361577047,False,False,False,False
420,0,480,240,0.8833693304535637,1,0.0,0.11250000000000004,0.8859698928302373,2.5191422686838214,2.948361346868917,False,True,False,False
421,0,480,240,0.8935281837160752,1,0.03958333333333333,0.06666666666666665,0.887263250921778,1.9491172982882965,2.787137856490019,True,True,False,False
422,0,480,240,0.8454746136865342,0,0.03125,0.11458333333333337,1.0086077661389812,2.32287458983421,5.05542122503804,False,False,False,False
423,0,480,240,0.9491916859122402,1,0.008333333333333333,0.03749999999999998,1.0117952457141572,1.0120710130886366,1.9410182126284825,True,False,False,False
424,0,480,240,0.9386892177589852,1,0.022916666666666665,0.03749999999999998,1.0019908756463933,2.658804165205503,3.3763494730041836,False,True,False,False
425,0,480,240,0.9439655172413792,1,0.018750000000000003,0.03541666666666665,0.953324674115748,3.7996307337173674,4.315314852412163,False,True,False,False
426,0,480,240,0.9114219114219114,0,0.004166666666666666,0.07500000000000007,1.0486921359210717,1.938930984185085,3.119818714552738,False,False,False,False
427,0,480,240,0.9471458773784355,1,0.022916666666666665,0.029166666666666674,0.9674313064952225,1.8117412091159335,2.928980223448454,False,True,False,False
428,0,480,240,0.9259259259259259,1,0.029166666666666667,0.033333333333333326,0.9009240771265064,0.8732641077108028,2.071546113667811,True,False,False,False
429,0,480,240,0.9707724425887265,1,0.0020833333333333333,0.027083333333333348,0.9752568470460085,0.42935246273229183,3.4542467919258995,True,True,False,False
430,0,480,240,0.8254310344827587,1,0.037500000000000006,0.13124999999999998,0.8420476969828193,2.718043388683577,4.207537204034364,False,True,False,False
431,0,480,240,0.9517241379310344,1,0.022916666666666665,0.02083333333333337,0.985259391970662,3.2601926895849296,3.5395979630788705,True,False,False,False
432,0,480,240,0.954070981210856,1,0.010416666666666666,0.03541666666666665,0.9593152619199278,3.2303199923238077,3.880469322826666,True,True,False,False
433,0,480,240,0.913232104121475,1,0.010416666666666666,0.07291666666666674,1.0520892917928282,3.3273402528164415,3.67144997717637,True,False,False,False
434,0,480,240,0.9154334038054968,1,0.04791666666666666,0.03541666666666665,1.0179353351490543,3.0311984709104687,3.481100098209692,False,True,False,False
435,0,480,240,0.9227557411273487,1,0.010416666666666666,0.06666666666666665,0.9167512718929853,2.187495561829957,3.992454478350474,True,True,False,False
436,0,480,240,0.8392484342379959,1,0.0875,0.07291666666666663,0.8124078498252454,1.0276829323491004,1.7000498119952965,True,True,False,False
437,0,480,240,0.9498956158663884,1,0.0125,0.03749999999999998,0.9469991955295509,1.3919894979543685,2.544423742183888,True,True,False,False
438,0,480,240,0.8793859649122807,0,0.05833333333333334,0.05625000000000002,1.1214719730001241,2.2762592159862485,3.3836849374135567,False,False,False,False
439,0,480,240,0.9471458773784355,1,0.014583333333333334,0.03749999999999998,0.9600546489444586,1.200758816101726,1.8391429288721244,False,True,False,False
440,0,480,240,0.9298245614035088,1,0.029166666666666667,0.03749999999999998,0.9722047659872235,0.4437387157169099,0.8453862207841889,False,True,False,False
441,0,480,240,0.959915611814346,1,0.0020833333333333346,0.03749999999999998,0.9770499347047855,2.533092336920699,2.6680598146693213,False,True,False,False
442,0,480,240,0.919661733615222,1,0.016666666666666666,0.0625,0.9191445641303483,2.3117370463915243,2.657184730054532,False,True,False,False
443,0,480,240,0.8925438596491228,0,0.010416666666666664,0.09166666666666667,1.1053360333909654,1.4616662087223744,2.7806481988273117,False,False,False,False
444,0,480,240,0.9180672268907563,1,0.05,0.03125,0.9254328068168537,1.604338281902058,2.017639309724537,True,False,False,False
445,0,480,240,0.9012875536480687,1,0.0,0.09583333333333333,0.9153962843745461,2.3937017499573665,3.707513410201884,False,True,False,False
446,0,480,240,0.8937093275488069,1,0.04583333333333333,0.05625000000000002,0.8699490783584914,1.2658707024807343,3.0631632150833594,True,False,False,False
447,0,480,240,0.8939393939393938,1,0.04791666666666667,0.054166666666666696,0.9871940051551553,1.996669053092266,3.8801478785971675,True,False,False,False
448,0,480,240,0.9177777777777778,0,0.03333333333333333,0.043749999999999956,0.9282721070654768,2.1097362849080494,2.947667704160361,False,False,False,False
449,0,480,240,0.9324894514767933,1,0.03125,0.03541666666666665,0.9979219213287585,0.17407679095073067,1.271955137938422,False,True,False,False
450,0,480,240,0.9518828451882846,1,0.0125,0.03541666666666665,0.966964208812452,1.8817167820077274,1.9730062993053417,True,False,False,False
451,0,480,240,0.9493975903614459,0,0.008333333333333331,0.03541666666666665,1.0209233166340643,2.0155389359142073,2.044144094370289,False,False,False,False
452,0,480,240,0.9519832985386222,1,0.010416666666666666,0.03749999999999998,0.973636141865056,2.774688424552433,4.137120712314348,True,True,False,False
453,0,480,240,0.9017467248908296,1,0.052083333333333336,0.04166666666666674,0.8779552646545473,0.9611628589127968,3.004694067323755,True,False,False,False
454,0,480,240,0.9513742071881607,1,0.010416666666666664,0.03749999999999998,0.9578286435745402,1.1896173245161383,2.481538989926326,False,True,False,False
455,0,480,240,0.9519832985386222,1,0.0125,0.03541666666666665,0.9521384682119955,0.6354438056279896,1.0734119637691866,True,True,False,False
456,0,480,240,0.9138655462184874,1,0.008333333333333333,0.07708333333333339,0.8825232884875224,3.4670722027493808,4.295858043553328,False,True,False,False
457,0,480,240,0.7956521739130435,1,0.12083333333333335,0.07499999999999996,0.8083041183527141,0.49653895893599603,1.3169100707387764,False,True,False,False
458,0,480,240,0.9102296450939457,1,0.05,0.039583333333333304,0.904707121997724,2.5121701404759977,3.774282081913905,True,True,False,False
459,0,480,240,0.9584245076586433,0,0.0125,0.027083333333333348,1.0992459994296453,2.147533140049362,2.993746914237669,False,False,False,False
460,0,480,240,0.9266247379454927,1,0.041666666666666664,0.03125,0.9229347779653432,1.4315435021501675,2.924436352490156,True,False,False,False
461,0,480,240,0.9022727272727272,0,0.012500000000000004,0.07708333333333328,1.0583305082711914,0.966805300681455,1.5578071875304418,False,False,False,False
462,0,480,240,0.8633405639913231,1,0.04791666666666667,0.08333333333333337,1.0494603539465,1.5736167598858966,2.040067776217754,True,False,False,False
463,0,480,240,0.954070981210856,1,0.010416666666666666,0.03541666666666665,0.9501317586411704,3.540605537629387,3.8685182137482723,True,True,False,False
464,0,480,240,0.9764957264957266,1,0.010416666666666666,0.012499999999999956,0.9809731697580198,1.6095679639301013,2.430532293129847,True,False,False,False
465,0,480,240,0.7302325581395349,0,0.11666666666666667,0.125,0.7244500076533953,1.4128844862427026,1.7617320790480504,False,False,False,False
466,0,480,240,0.6816037735849056,1,0.18541666666666667,0.09583333333333333,0.8570575424482573,1.7979715945441719,2.776136421160444,True,False,False,False
467,0,480,240,0.8804347826086955,1,0.08333333333333333,0.008333333333333415,0.8434977313347638,0.7332904647712224,1.9186386737774497,True,False,False,False
468,0,480,240,0.8091106290672451,1,0.0125,0.1708333333333334,1.1566150308112444,2.3593738922056504,4.286202722417742,True,False,False,False
469,0,480,240,0.7867803837953092,1,0.15416666666666667,0.054166666666666585,0.775343479240622,0.6843936599179058,1.440144528697613,True,False,False,False
470,0,480,240,0.7302631578947368,1,0.09791666666666667,0.15833333333333333,0.7036578685771251,2.9263126442856664,4.586106609330094,True,False,False,False
471,0,480,240,0.667458432304038,1,0.0625,0.22916666666666663,1.2479881364307315,3.0726785920965902,3.2994319882388585,True,False,False,False
472,0,480,240,0.7931034482758621,1,0.12291666666666666,0.039583333333333304,0.7630732617355774,0.6887585409024469,3.230412717177469,True,False,False,False
473,0,480,240,0.9088669950738916,1,0.058333333333333334,0.018750000000000044,0.8858680624949912,2.279690407474516,2.8347660363586002,True,False,False,False
474,0,480,240,0.7670588235294118,1,0.15416666666666667,0.05208333333333326,0.8488473923854608,0.9293696916233252,1.8836959175892138,True,False,False,False
475,0,480,240,0.7807606263982102,1,0.022916666666666665,0.18125000000000002,0.7795314257886246,1.8470948428231848,1.932447316610454,True,False,False,False
476,0,480,240,0.6283924843423799,1,0.09166666666666666,0.2791666666666667,0.613844315242963,2.869752613075986,3.97075258870013,True,True,False,False
477,0,480,240,0.9413407821229051,1,0.0020833333333333333,0.04166666666666663,1.0201038999144267,1.805332524743464,1.9232955467111459,True,False,False,False
478,0,480,240,0.8793859649122808,1,0.0875,0.027083333333333237,0.8576354785348272,2.6369233292069354,3.2738392636109426,True,False,False,False
479,0,480,240,0.9023861171366594,1,0.010416666666666666,0.08333333333333337,1.0799546151134178,0.6095059881111197,1.6974428923515161,True,False,False,False
480,0,480,240,0.7167019027484143,1,0.01875,0.26041666666666674,1.2696253554602395,2.2721062781323123,2.758543070833098,True,False,False,False
481,0,480,240,0.8190255220417634,1,0.010416666666666666,0.15208333333333335,1.0776873691667688,1.313698137849406,2.9733686883940487,True,False,False,False
482,0,480,240,0.6420824295010846,1,0.11875,0.22499999999999998,1.0961085365357124,0.7260087988366438,1.6381556945370466,True,False,False,False
483,0,480,240,0.9617977528089887,1,0.020833333333333332,0.014583333333333393,0.9692894481965255,3.70251029571788,3.9764101697044576,True,False,False,False
484,0,480,240,0.7609649122807017,1,0.08125,0.14583333333333326,0.7501707888193908,2.396897178883208,3.2252013178972576,True,False,False,False
485,0,480,240,0.9543010752688171,1,0.016666666666666666,0.018750000000000044,0.9781175544862941,1.5351778760808934,1.7130611491776222,True,False,False,False
486,0,480,240,0.8110403397027601,1,0.004166666666666667,0.1812499999999999,0.7849633289943941,1.5070842746090733,3.351459163841008,True,False,False,False
487,0,480,240,0.809110629067245,1,0.05,0.13333333333333341,1.120998968251007,1.2872053979457978,2.3872690355289587,True,False,False,False
488,0,480,240,0.7114967462039045,1,0.05,0.22708333333333341,1.1864662278532525,1.1230362338945041,2.1952812662445207,True,False,False,False
489,0,480,240,0.880794701986755,1,0.03333333333333333,0.07916666666666661,0.9140797001248232,2.3731755988338024,2.7771955352122992,True,False,False,False
490,0,480,240,0.6659707724425887,1,0.14375,0.18958333333333333,0.633701158996351,0.5232732748353329,1.02308349474458,True,True,False,False
491,0,480,240,0.8211764705882353,1,0.08958333333333333,0.06874999999999998,0.9133993373701922,2.6362034854387013,4.249147676208245,True,False,False,False
492,0,480,240,0.8706697459584295,1,0.058333333333333334,0.05833333333333335,0.9812988705294622,0.9262876883025574,1.2765080450516457,True,False,False,False
493,0,480,240,0.7380952380952381,1,0.125,0.12708333333333333,0.7364442640646064,0.748144578199902,1.3040603327442102,True,False,False,False
494,0,480,240,0.8243243243243242,0,0.07708333333333334,0.0854166666666667,0.8270711223010443,0.5191341331807641,2.0107324804622047,False,False,False,False
495,0,480,240,0.8666666666666667,1,0.0875,0.033333333333333326,0.8988249015959151,1.5883551578329995,3.0030214894710694,True,False,False,False
496,0,480,240,0.9330357142857143,1,0.05625,0.006249999999999978,0.9644195131772806,2.0121959121378783,4.854645827274258,True,False,False,False
497,0,480,240,0.7894736842105263,1,0.16041666666666668,0.022916666666666696,0.778851066113909,0.4374896114443039,0.8307862701107015,True,False,False,False
498,0,480,240,0.7663755458515285,0,0.12708333333333333,0.09583333333333333,0.7383876412304972,1.5623931858475208,2.7941567024352625,False,False,False,False
499,0,480,240,0.8474945533769063,1,0.10416666666666667,0.04166666666666674,0.8718316998571761,1.9971466797016755,4.358835018986339,True,False,False,False
500,0,480,240,0.8166666666666667,1,0.11875,0.04166666666666663,0.9624654219840802,3.477870238684153,6.0098527442155,True,False,False,False
501,0,480,240,0.8191721132897605,1,0.13958333333333334,0.033333333333333326,0.8204685506458919,1.9133932829780678,3.3129483474447916,True,False,False,False
502,0,480,240,0.7077244258872651,1,0.1375,0.15416666666666667,0.7098204569801818,0.23146526214983038,1.0987450389392956,True,True,False,False
503,0,480,240,0.8392484342379959,1,0.0875,0.07291666666666663,0.8529578776327136,1.212309694271304,2.095476191373961,True,True,False,False
504,0,480,240,0.9958246346555324,1,0.004166666666666667,0.0,1.0021158464202347,0.49916023206246396,1.076052285082886,True,True,False,True
505,0,480,240,0.8215859030837005,1,0.03333333333333333,0.13541666666666663,1.0868092517079961,2.4263668239921015,4.07528780904372,True,False,False,False
506,0,480,240,0.8763102725366875,1,0.016666666666666666,0.10625000000000007,0.8516662658873411,0.6935377702526875,0.698792980319418,True,False,False,False
507,0,480,240,0.906054279749478,1,0.010416666666666666,0.08333333333333337,0.9255679471824114,0.8004095319136001,2.685413545524111,True,True,False,False
508,0,480,240,0.9147465437788019,0,0.04791666666666667,0.029166666666666674,0.931799706788841,0.8506432268160247,2.070997756117188,False,False,False,False
509,0,480,240,0.894291754756871,1,0.03333333333333333,0.07083333333333341,0.8957209867687632,1.1383229193812674,1.9330315560936822,True,False,False,False
510,0,480,240,0.6765327695560254,0,0.1625,0.15625,0.6701400196460415,0.8152281842360878,1.1866638464158707,False,False,False,False
511,0,480,240,0.7838983050847459,1,0.08958333333333333,0.12291666666666656,0.802252339112144,2.6373612918143583,4.001796555351666,True,False,False,False
512,0,480,240,0.8496868475991649,1,0.07708333333333334,0.07291666666666663,0.8698105636373535,3.1212932317922486,4.236862387486614,True,True,False,False
513,0,480,240,0.7640918580375783,1,0.12291666666666666,0.11250000000000004,0.7543475649658788,1.3596666622092544,2.0370218330169685,True,True,False,False
514,0,480,240,0.6514806378132119,0,0.22708333333333333,0.09166666666666667,0.6469184367319539,0.5380943949894013,0.5946290546575901,False,False,False,False
515,0,480,240,0.9088937093275488,1,0.05,0.03749999999999998,0.8921910260945677,0.2602126033290055,0.7158831310025615,True,False,False,False
516,0,480,240,0.9026548672566371,0,0.0125,0.07916666666666672,0.8987150462685718,1.3345176953023397,1.6919212086932776,False,False,False,False
517,0,480,240,0.9694835680751174,0,0.02291666666666667,0.004166666666666652,1.0360904771921102,0.7113759990397743,1.7728777465428285,False,False,False,False
518,0,480,240,0.9523809523809524,1,0.0125,0.033333333333333326,1.0425318072343785,2.1765044025637694,3.413797258957121,True,False,False,False
519,0,480,240,0.7836134453781513,1,0.12708333333333333,0.08750000000000002,0.7418537899105784,2.3051727523274628,3.1262350447451293,True,False,False,False
520,0,480,240,0.9144050104384134,1,0.04791666666666667,0.03749999999999998,0.9260475427018681,2.214429613032265,3.454421335385796,True,True,False,False
521,0,480,240,0.6348837209302326,1,0.20208333333333334,0.125,0.6515232958903691,1.339087928077945,3.050145876124962,True,False,False,False
522,0,480,240,0.941544885177453,1,0.025,0.033333333333333326,0.9182975594452643,2.8512339157897,3.780370098427127,True,True,False,False
523,0,480,240,0.8803191489361701,0,0.006249999999999992,0.08750000000000002,1.076449949602836,0.8453818632503599,2.322481501380287,False,False,False,False
524,0,480,240,0.8787878787878788,1,0.05,0.06666666666666665,1.0289012636025796,1.2713699607487432,3.609195937646427,True,False,False,False
525,0,480,240,0.8655097613882864,1,0.0125,0.1166666666666667,1.1034239493135019,1.7121195527780657,3.5955526254655763,True,False,False,False
526,0,480,240,0.8568019093078758,1,0.07916666666666666,0.04583333333333339,0.9578570921545018,1.5449779903055532,1.9720895381149246,True,False,False,False
527,0,480,240,0.8210784313725491,1,0.13541666666666666,0.016666666666666607,0.8262980506858082,3.481258154657181,3.6885357527969083,True,False,False,False
528,0,480,240,0.9099099099099098,0,0.03541666666666667,0.04791666666666661,0.8599131943944651,2.7948560130936,4.28583434874235,False,False,False,False
529,0,480,240,0.8452914798206278,1,0.07291666666666667,0.07083333333333341,0.9867010693288001,3.5740091213404517,3.5906597164845424,True,False,False,False
530,0,480,240,0.8698979591836734,0,0.09791666666666668,0.008333333333333415,0.8659642916847163,2.3869152653540255,2.9431405674740376,False,False,False,False
531,0,480,240,0.8546637744034707,1,0.10416666666666667,0.03541666666666665,0.8181422331929553,3.2547861972611356,4.394783533700168,True,False,False,False
532,0,480,240,0.8471177944862154,1,0.016666666666666666,0.11041666666666672,1.1572788366056763,2.499358386655855,3.918453793206507,True,False,False,False
533,0,480,240,0.8771929824561403,1,0.020833333333333332,0.08125000000000004,0.8717951525368854,1.8237306398924102,5.238430471070783,True,False,False,False
534,0,480,240,0.7894736842105263,1,0.0875,0.10416666666666663,0.7826324247538081,2.7494959083041954,4.142940630723446,True,False,False,False
535,0,480,240,0.8032345013477089,1,0.14791666666666667,0.004166666666666652,0.7738356842960492,1.7817712102567294,3.446553619928392,True,False,False,False
536,0,480,240,0.6035634743875278,0,0.16666666666666669,0.20416666666666672,1.035461483630862,0.9725022789579925,1.4246316628704059,False,False,False,False
537,0,480,240,0.662004662004662,1,0.14583333333333334,0.15625,0.6813813331709389,2.097465267790847,3.8228107130291655,True,False,False,False
538,0,480,240,0.7876712328767124,1,0.16666666666666666,0.027083333333333348,0.7793675546576444,0.8241214724149339,1.2177601344053361,True,False,False,False
539,0,480,240,0.902127659574468,1,0.07708333333333334,0.018749999999999933,0.8801530799387034,1.9591976360105996,2.9516675025727643,True,False,False,False
540,0,480,240,0.7361419068736141,0,0.010416666666666664,0.23749999999999993,1.2703532504644262,0.27541722935703056,3.1477289484513293,False,False,False,False
